<?xml version="1.0" encoding="UTF-8"?>
<!DOCTYPE beans PUBLIC "-//SPRING//DTD BEAN 2.0//EN" "http://www.springframework.org/dtd/spring-beans-2.0.dtd">

<beans>

<bean id="t" class="com.cg.SL6.Triangle">
	<property name="pointA" >
		<bean  class="com.cg.SL6.Point">
			<property name="x" value="0"/>
			<property name="y" value="10"/>
		</bean>
	</property>

	
	<property name="pointB">
		<bean  class="com.cg.SL6.Point">
			<property name="x" value="-10"/>
			<property name="y" value="0"/>
		</bean>
	</property>
	
	<property name="pointC" >
		<bean  class="com.cg.SL6.Point">
			<property name="x" value="10"/>
			<property name="y" value="0"/>
		</bean>
	</property>
</bean>
	
<!-- 

The below codes are added as an inner bean above

<bean id="Point1" class="com.cg.SL6.Point">
	<property name="x" value="0"/>
	<property name="y" value="10"/>
</bean>


 
 <bean id="Point2" class="com.cg.SL6.Point">
	<property name="x" value="-10"/>
	<property name="y" value="0"/>
</bean>



<bean id="Point3" class="com.cg.SL6.Point">
	<property name="x" value="10"/>
	<property name="y" value="0"/>
</bean>

-->

</beans>