<?xml version="1.0" encoding="UTF-8"?>
<!DOCTYPE beans PUBLIC "-//SPRING//DTD BEAN 2.0//EN" "http://www.springframework.org/dtd/spring-beans-2.0.dtd">

<beans>

<bean id="t" class="com.cg.SL8.Triangle" autowire="byName">
	
	<!-- The following three lines of snippet is replaced by autowire by name
	<property name="pointA" ref="Point1"/>
	<property name="pointB" ref="Point2"/>
	<property name="pointC" ref="Point3"/> -->

</bean>
	
<bean id="pointA" class="com.cg.SL8.Point">
	<property name="x" value="0"/>
	<property name="y" value="10"/>
</bean>

<bean id="pointB" class="com.cg.SL8.Point">
	<property name="x" value="-10"/>
	<property name="y" value="0"/>
</bean>

<bean id="pointC" class="com.cg.SL8.Point">
	<property name="x" value="10"/>
	<property name="y" value="0"/>
</bean>

</beans>